{
  "backend_name": "ibmq_16_melbourne",
  "backend_version": "2.3.14",
  "qobj_id": "598c456c-ea8c-47ba-9d8e-81f34f748f3f",
  "job_id": "604d099d743fac7c745148a5",
  "success": true,
  "status": "Successful completion",
  "time_taken": 9.116114616394043,
  "results": [
    {
      "data": {
        "counts": {
          "0x0": 278,
          "0x1": 58,
          "0x2": 53,
          "0x3": 130,
          "0x4": 152,
          "0x5": 63,
          "0x6": 56,
          "0x7": 234
        }
      },
      "header": {
        "clbit_labels": [
          [
            "c",
            0
          ],
          [
            "c",
            1
          ],
          [
            "c",
            2
          ]
        ],
        "creg_sizes": [
          [
            "c",
            3
          ]
        ],
        "global_phase": -6.283185307179586,
        "memory_slots": 3,
        "n_qubits": 15,
        "name": "circuit226",
        "qreg_sizes": [
          [
            "q",
            15
          ]
        ],
        "qubit_labels": [
          [
            "q",
            0
          ],
          [
            "q",
            1
          ],
          [
            "q",
            2
          ],
          [
            "q",
            3
          ],
          [
            "q",
            4
          ],
          [
            "q",
            5
          ],
          [
            "q",
            6
          ],
          [
            "q",
            7
          ],
          [
            "q",
            8
          ],
          [
            "q",
            9
          ],
          [
            "q",
            10
          ],
          [
            "q",
            11
          ],
          [
            "q",
            12
          ],
          [
            "q",
            13
          ],
          [
            "q",
            14
          ]
        ]
      },
      "meas_level": 2,
      "memory": false,
      "shots": 1024,
      "success": true
    }
  ],
  "date": "2021-03-13T18:53:39Z",
  "execution_id": "67d2a7b6-842d-11eb-9810-002590bdc3da",
  "header": {
    "backend_name": "ibmq_16_melbourne",
    "backend_version": "2.3.14"
  }
}