{
  "qobj_id": "598c456c-ea8c-47ba-9d8e-81f34f748f3f",
  "header": {
    "backend_name": "ibmq_16_melbourne",
    "backend_version": "2.3.14"
  },
  "config": {
    "shots": 1024,
    "memory": false,
    "parameter_binds": [],
    "init_qubits": true,
    "parametric_pulses": [],
    "memory_slots": 3,
    "n_qubits": 15
  },
  "schema_version": "1.3.0",
  "type": "QASM",
  "experiments": [
    {
      "config": {
        "n_qubits": 15,
        "memory_slots": 3
      },
      "header": {
        "qubit_labels": [
          [
            "q",
            0
          ],
          [
            "q",
            1
          ],
          [
            "q",
            2
          ],
          [
            "q",
            3
          ],
          [
            "q",
            4
          ],
          [
            "q",
            5
          ],
          [
            "q",
            6
          ],
          [
            "q",
            7
          ],
          [
            "q",
            8
          ],
          [
            "q",
            9
          ],
          [
            "q",
            10
          ],
          [
            "q",
            11
          ],
          [
            "q",
            12
          ],
          [
            "q",
            13
          ],
          [
            "q",
            14
          ]
        ],
        "n_qubits": 15,
        "qreg_sizes": [
          [
            "q",
            15
          ]
        ],
        "clbit_labels": [
          [
            "c",
            0
          ],
          [
            "c",
            1
          ],
          [
            "c",
            2
          ]
        ],
        "memory_slots": 3,
        "creg_sizes": [
          [
            "c",
            3
          ]
        ],
        "name": "circuit226",
        "global_phase": -6.283185307179586
      },
      "instructions": [
        {
          "name": "cx",
          "qubits": [
            1,
            13
          ]
        },
        {
          "name": "cx",
          "qubits": [
            13,
            1
          ]
        },
        {
          "name": "cx",
          "qubits": [
            1,
            13
          ]
        },
        {
          "name": "rz",
          "params": [
            1.5707963267948966
          ],
          "qubits": [
            14
          ]
        },
        {
          "name": "sx",
          "qubits": [
            14
          ]
        },
        {
          "name": "rz",
          "params": [
            1.5707963267948966
          ],
          "qubits": [
            14
          ]
        },
        {
          "name": "cx",
          "qubits": [
            14,
            0
          ]
        },
        {
          "name": "cx",
          "qubits": [
            14,
            13
          ]
        },
        {
          "name": "barrier",
          "qubits": [
            11,
            13,
            14,
            4,
            7,
            1,
            3,
            10,
            0,
            6,
            9,
            12,
            2,
            8,
            5
          ]
        },
        {
          "name": "measure",
          "qubits": [
            14
          ],
          "memory": [
            0
          ]
        },
        {
          "name": "measure",
          "qubits": [
            0
          ],
          "memory": [
            1
          ]
        },
        {
          "name": "measure",
          "qubits": [
            13
          ],
          "memory": [
            2
          ]
        }
      ]
    }
  ]
}