{
  "backend_name": "ibmq_santiago",
  "backend_version": "1.3.14",
  "qobj_id": "43c4276a-c7b8-47b2-8317-601957dff0b9",
  "job_id": "604a0d7cc55650c989ca07d1",
  "success": true,
  "status": "Successful completion",
  "time_taken": 7.901565074920654,
  "results": [
    {
      "data": {
        "counts": {
          "0x0": 535,
          "0x1": 1,
          "0x2": 14,
          "0x3": 10,
          "0x4": 9,
          "0x5": 23,
          "0x6": 5,
          "0x7": 427
        }
      },
      "header": {
        "clbit_labels": [
          [
            "c",
            0
          ],
          [
            "c",
            1
          ],
          [
            "c",
            2
          ]
        ],
        "creg_sizes": [
          [
            "c",
            3
          ]
        ],
        "global_phase": -6.283185307179586,
        "memory_slots": 3,
        "n_qubits": 5,
        "name": "circuit185",
        "qreg_sizes": [
          [
            "q",
            5
          ]
        ],
        "qubit_labels": [
          [
            "q",
            0
          ],
          [
            "q",
            1
          ],
          [
            "q",
            2
          ],
          [
            "q",
            3
          ],
          [
            "q",
            4
          ]
        ]
      },
      "meas_level": 2,
      "memory": false,
      "shots": 1024,
      "success": true
    }
  ],
  "date": "2021-03-11T12:31:51Z",
  "execution_id": "bd390624-8265-11eb-88bf-b02628eaa3aa",
  "header": {
    "backend_name": "ibmq_santiago",
    "backend_version": "1.3.14"
  }
}