{
  "qobj_id": "43c4276a-c7b8-47b2-8317-601957dff0b9",
  "header": {
    "backend_name": "ibmq_santiago",
    "backend_version": "1.3.14"
  },
  "config": {
    "shots": 1024,
    "memory": false,
    "parameter_binds": [],
    "rep_delay": 250,
    "init_qubits": true,
    "parametric_pulses": [
      "gaussian",
      "gaussian_square",
      "drag",
      "constant"
    ],
    "memory_slots": 3,
    "n_qubits": 5
  },
  "schema_version": "1.3.0",
  "type": "QASM",
  "experiments": [
    {
      "config": {
        "n_qubits": 5,
        "memory_slots": 3
      },
      "header": {
        "qubit_labels": [
          [
            "q",
            0
          ],
          [
            "q",
            1
          ],
          [
            "q",
            2
          ],
          [
            "q",
            3
          ],
          [
            "q",
            4
          ]
        ],
        "n_qubits": 5,
        "qreg_sizes": [
          [
            "q",
            5
          ]
        ],
        "clbit_labels": [
          [
            "c",
            0
          ],
          [
            "c",
            1
          ],
          [
            "c",
            2
          ]
        ],
        "memory_slots": 3,
        "creg_sizes": [
          [
            "c",
            3
          ]
        ],
        "name": "circuit185",
        "global_phase": -6.283185307179586
      },
      "instructions": [
        {
          "name": "rz",
          "params": [
            1.5707963267948966
          ],
          "qubits": [
            4
          ]
        },
        {
          "name": "sx",
          "qubits": [
            4
          ]
        },
        {
          "name": "rz",
          "params": [
            1.5707963267948966
          ],
          "qubits": [
            4
          ]
        },
        {
          "name": "cx",
          "qubits": [
            4,
            3
          ]
        },
        {
          "name": "cx",
          "qubits": [
            3,
            4
          ]
        },
        {
          "name": "cx",
          "qubits": [
            4,
            3
          ]
        },
        {
          "name": "cx",
          "qubits": [
            3,
            4
          ]
        },
        {
          "name": "cx",
          "qubits": [
            3,
            2
          ]
        },
        {
          "name": "barrier",
          "qubits": [
            3,
            0,
            4,
            1,
            2
          ]
        },
        {
          "name": "measure",
          "qubits": [
            3
          ],
          "memory": [
            0
          ]
        },
        {
          "name": "measure",
          "qubits": [
            4
          ],
          "memory": [
            1
          ]
        },
        {
          "name": "measure",
          "qubits": [
            2
          ],
          "memory": [
            2
          ]
        }
      ]
    }
  ]
}