{
  "backend_name": "ibmq_16_melbourne",
  "backend_version": "2.3.17",
  "qobj_id": "cbb9eb3e-d3cd-4e90-9cfd-0a38da265797",
  "job_id": "607ad55c1f0df32c1e4b5254",
  "success": true,
  "status": "Successful completion",
  "time_taken": 10.00135087966919,
  "results": [
    {
      "data": {
        "counts": {
          "0x0": 29,
          "0x1": 25,
          "0x10": 12,
          "0x11": 11,
          "0x12": 16,
          "0x13": 14,
          "0x14": 2,
          "0x15": 9,
          "0x16": 15,
          "0x17": 9,
          "0x18": 8,
          "0x19": 10,
          "0x1a": 8,
          "0x1b": 5,
          "0x1c": 11,
          "0x1d": 15,
          "0x1e": 5,
          "0x1f": 5,
          "0x2": 18,
          "0x20": 12,
          "0x21": 10,
          "0x22": 6,
          "0x23": 6,
          "0x24": 7,
          "0x25": 6,
          "0x26": 13,
          "0x27": 10,
          "0x28": 13,
          "0x29": 7,
          "0x2a": 7,
          "0x2b": 4,
          "0x2c": 13,
          "0x2d": 5,
          "0x2e": 6,
          "0x2f": 4,
          "0x3": 16,
          "0x30": 9,
          "0x31": 6,
          "0x32": 7,
          "0x33": 3,
          "0x34": 7,
          "0x35": 5,
          "0x36": 1,
          "0x37": 5,
          "0x38": 5,
          "0x39": 3,
          "0x3a": 1,
          "0x3c": 10,
          "0x3d": 4,
          "0x3f": 2,
          "0x4": 17,
          "0x41": 2,
          "0x42": 1,
          "0x44": 1,
          "0x47": 1,
          "0x48": 2,
          "0x4d": 1,
          "0x4f": 2,
          "0x5": 10,
          "0x53": 1,
          "0x5a": 1,
          "0x6": 17,
          "0x66": 1,
          "0x7": 13,
          "0x79": 1,
          "0x8": 27,
          "0x80": 22,
          "0x81": 14,
          "0x82": 5,
          "0x83": 10,
          "0x84": 10,
          "0x85": 15,
          "0x86": 13,
          "0x87": 7,
          "0x88": 10,
          "0x89": 11,
          "0x8a": 13,
          "0x8b": 10,
          "0x8c": 12,
          "0x8d": 9,
          "0x8e": 8,
          "0x8f": 8,
          "0x9": 12,
          "0x90": 8,
          "0x91": 4,
          "0x92": 4,
          "0x93": 1,
          "0x94": 5,
          "0x95": 6,
          "0x96": 3,
          "0x97": 1,
          "0x98": 14,
          "0x99": 7,
          "0x9a": 6,
          "0x9b": 9,
          "0x9c": 7,
          "0x9d": 10,
          "0x9e": 5,
          "0x9f": 4,
          "0xa": 18,
          "0xa0": 5,
          "0xa1": 4,
          "0xa2": 6,
          "0xa3": 2,
          "0xa4": 8,
          "0xa5": 6,
          "0xa6": 2,
          "0xa7": 2,
          "0xa8": 3,
          "0xa9": 3,
          "0xaa": 5,
          "0xab": 4,
          "0xac": 4,
          "0xad": 7,
          "0xae": 4,
          "0xaf": 3,
          "0xb": 15,
          "0xb0": 2,
          "0xb1": 3,
          "0xb2": 4,
          "0xb3": 3,
          "0xb4": 3,
          "0xb5": 4,
          "0xb6": 3,
          "0xb8": 2,
          "0xb9": 5,
          "0xba": 3,
          "0xbb": 1,
          "0xbc": 1,
          "0xbd": 4,
          "0xbf": 1,
          "0xc": 15,
          "0xc0": 1,
          "0xd": 17,
          "0xd9": 1,
          "0xdd": 1,
          "0xe": 16,
          "0xe4": 1,
          "0xf": 10,
          "0xf4": 1
        }
      },
      "header": {
        "clbit_labels": [
          [
            "meas",
            0
          ],
          [
            "meas",
            1
          ],
          [
            "meas",
            2
          ],
          [
            "meas",
            3
          ],
          [
            "meas",
            4
          ],
          [
            "meas",
            5
          ],
          [
            "meas",
            6
          ],
          [
            "meas",
            7
          ]
        ],
        "creg_sizes": [
          [
            "meas",
            8
          ]
        ],
        "global_phase": -207.73781421862495,
        "memory_slots": 8,
        "n_qubits": 15,
        "name": "circuit968",
        "qreg_sizes": [
          [
            "q",
            15
          ]
        ],
        "qubit_labels": [
          [
            "q",
            0
          ],
          [
            "q",
            1
          ],
          [
            "q",
            2
          ],
          [
            "q",
            3
          ],
          [
            "q",
            4
          ],
          [
            "q",
            5
          ],
          [
            "q",
            6
          ],
          [
            "q",
            7
          ],
          [
            "q",
            8
          ],
          [
            "q",
            9
          ],
          [
            "q",
            10
          ],
          [
            "q",
            11
          ],
          [
            "q",
            12
          ],
          [
            "q",
            13
          ],
          [
            "q",
            14
          ]
        ]
      },
      "meas_level": 2,
      "memory": false,
      "shots": 1024,
      "success": true
    }
  ],
  "date": "2021-04-17T14:49:33Z",
  "execution_id": "1a612050-9f8c-11eb-8616-002590bdc3da",
  "header": {
    "backend_name": "ibmq_16_melbourne",
    "backend_version": "2.3.17"
  }
}