{
  "backend_name": "ibmq_belem",
  "backend_version": "1.0.3",
  "qobj_id": "b43bb72e-815c-4f03-8709-fca4ddd2f6e3",
  "job_id": "604d092d8df8f685a360c56c",
  "success": true,
  "status": "Successful completion",
  "time_taken": 4.490600824356079,
  "results": [
    {
      "data": {
        "counts": {
          "0x0": 440,
          "0x1": 9,
          "0x2": 23,
          "0x3": 29,
          "0x4": 18,
          "0x5": 51,
          "0x6": 56,
          "0x7": 398
        }
      },
      "header": {
        "clbit_labels": [
          [
            "c",
            0
          ],
          [
            "c",
            1
          ],
          [
            "c",
            2
          ]
        ],
        "creg_sizes": [
          [
            "c",
            3
          ]
        ],
        "global_phase": -6.283185307179586,
        "memory_slots": 3,
        "n_qubits": 5,
        "name": "circuit207",
        "qreg_sizes": [
          [
            "q",
            5
          ]
        ],
        "qubit_labels": [
          [
            "q",
            0
          ],
          [
            "q",
            1
          ],
          [
            "q",
            2
          ],
          [
            "q",
            3
          ],
          [
            "q",
            4
          ]
        ]
      },
      "meas_level": 2,
      "memory": false,
      "shots": 1024,
      "success": true
    }
  ],
  "date": "2021-03-13T18:52:37Z",
  "execution_id": "457165c2-842d-11eb-a218-b02628f7f59e",
  "header": {
    "backend_name": "ibmq_belem",
    "backend_version": "1.0.3"
  }
}